{"Random Forest": 0.918880551612249, "SVM": 0.9929020482660718, "Logistic Regression": 1.0, "K-Nearest Neighbors": 0.8805516122490367, "Naive Bayes": 0.8748732508618942, "XGBoost": 0.9460555668221456, "Decision Tree": 0.8051105252484283, "AdaBoost": 0.7276414520381261, "CatBoost": 0.9831677144595417}