{"Random Forest": 0.9318596633542892, "SVM": 0.9920908537821943, "Logistic Regression": 1.0, "K-Nearest Neighbors": 0.8846075846684243, "Naive Bayes": 0.880146015007098, "XGBoost": 0.9490975461366863, "Decision Tree": 0.8059217197323059, "AdaBoost": 0.7321030216994524, "CatBoost": 0.9880348813628067}